frt_nut_grapes_wine_prod, hay_crl_for_hay, frt_nut_pome_frt_apples, brdacrcrp_crlcrp_brly, brdacrcrp_crlcrp_maize, frt_nut_grapes_total, frt_nut_stn_frt_cherries, frt_nut_pome_frt_pear, frt_nut_citrus_oth_nec, frt_nut_pome_frt_oth_nec, nursry_flwrs_turf_cut_flwrs_outdoor, frt_nut_stn_frt_plums, veggies_total, veggies_beans, brdacrcrp_non_crlcrp_chickpeas, brdacrcrp_crlcrp_rice, frt_nut_citrus_limes, veggies_tomatoes_process, frt_nut_oth_frt_strawberries, frt_nut_orchard_fruit_avocados, frt_nut_stn_frt_peaches, livstk_prod_eggs, livstk_slght_oth_oth_nec, brdacrcrp_non_crlcrp_lentils, brdacrcrp_total, veggies_potatoe, frt_nut_oth_frt_oth_berr_nec, total_agriculture, veggies_pumpkins, brdacrcrp_non_crlcrp_mung_bean, nursry_flwrs_turf_turf, brdacrcrp_othcrp_nec, hay_total, veggies_lettuces, frt_nut_stn_frt_nectarines, brdacrcrp_non_crlcrp_lupins, nursry_flwrs_turf_total, veggies_peas_fresh, brdacrcrp_non_crlcrp_faba_beans, livstk_slght_oth_poultry, livstk_slght_oth_sheep_lamb, frt_nut_stn_frt_oth_nec, veggies_cauliflowers, veggies_oth_nec, frt_nut_citrus_grapefruits, livstk_prod_wool, veggies_peas_process, veggies_broccoli, livstk_prod_milk, brdacrcrp_non_crlcrp_cotton, brdacrcrp_crlcrp_tritcle, frt_nut_stn_frt_apricots, livstk_slght_oth_catl_calves, brdacrcrp_crlcrp_oth_crl, brdacrcrp_non_crlcrp_oilseed_oth, livstk_slght_oth_total, frt_nut_orchard_fruit_mangoes, veggies_onions, frt_nut_citrus_oranges, frt_nut_citrus_lemons, brdacrcrp_crlcrp_wheat, nursry_flwrs_turf_cut_flwrs, brdacrcrp_non_crlcrp_peanuts, livstk_prod_total, frt_nut_citrus_mandarins, nursry_flwrs_turf_nursry_outdoor, brdacrcrp_crlcrp_srgum, frt_nut_nuts_almonds, frt_nut_oth_frt_kiwifruit, frt_nut_oth_frt_oth_nec, hay_oth_crp_for_hay, frt_nut_orchard_fruit_oth_nec, veggies_tomatoes_fresh, frt_nut_oth_frt_pineapples, livstk_slght_oth_goats, nursry_flwrs_turf_nursry_undcov, veggies_cabbages, frt_nut_oth_frt_bananas, hay_lucerne_cut_for_hay, livstk_slght_oth_pigs, hay_oth_psture_for_hay, veggies_mushrooms, frt_nut_excl_grp_total, frt_nut_oth_frt_blueberries, brdacrcrp_non_crlcrp_sugar_cane, sa2_name11, veggies_melons, total_crp_value, nursry_flwrs_turf_cut_flwrs_undcov, veggies_brssl_sprts, veggies_carrots, brdacrcrp_non_crlcrp_oilseed_canola, veggies_sweet_corn, frt_nut_grapes_oth_use, frt_nut_nuts_macadamias, nursry_flwrs_turf_nurseries, veggies_capsicum, sa2_code11, brdacrcrp_non_crlcrp_oth_pulses, frt_nut_nuts_oth_nec, brdacrcrp_crlcrp_oats
182140.27,68124.94,null,null,null,182140.27,null,null,null,null,null,null,null,null,null,null,null,null,null,null,null,207.99,0.0,null,79945.57,null,null,3.233417E7,null,null,null,5147.27,2021780.6,null,null,null,null,null,null,359.97,4983825.5,null,null,null,null,2930374.0,null,null,582323.7,null,null,null,2.1473698E7,null,null,2.6511716E7,null,null,null,null,null,null,null,3512905.5,null,null,null,null,null,null,92491.62,null,null,null,53833.0,null,null,null,30894.39,null,1830269.6,null,null,null,null,"Yea",null,2309549.2,null,null,null,74798.3,null,null,null,null,null,"204011062",null,null,null
null,null,null,null,null,null,null,null,null,null,null,null,null,null,null,null,null,null,null,null,null,null,null,null,null,null,null,9565413.0,null,null,7880789.0,null,12993.08,null,null,null,7880789.0,null,null,1619350.5,null,null,null,null,null,null,null,null,null,null,null,null,52280.52,null,null,1671631.1,null,null,null,null,null,null,null,null,null,null,null,null,null,null,null,null,null,null,null,null,null,null,null,null,12993.08,null,null,null,null,"Cranbourne West",null,7893782.0,null,null,null,null,null,null,null,null,null,"212031304",null,null,null
null,null,2840176.0,null,null,null,null,null,null,null,null,null,null,null,null,null,null,null,null,null,null,1.4727226E7,0.0,null,null,null,null,1.3941272E8,null,null,null,null,2287534.0,null,null,null,209540.6,null,null,3.6840636E7,33659.23,null,null,null,null,93989.43,null,null,5.3965772E7,null,null,null,2.5237318E7,null,null,6.5288476E7,null,null,null,null,null,91596.68,null,6.8786992E7,null,94365.88,null,null,null,null,4722.21,null,null,null,null,23578.03,null,null,73182.64,null,2209629.0,null,2840176.0,null,null,"Drouin",null,5337250.5,91596.68,null,null,null,null,null,null,117943.91,null,"205011076",null,null,null
null,null,null,null,null,null,null,null,null,null,279874.1,null,372658.94,5162.98,null,null,356.2,null,839.98,null,null,4314539.5,0.0,null,null,276631.12,null,9.5354232E7,2915.87,null,null,null,7715954.0,137.78,null,null,3809738.2,null,null,2270638.5,42977.12,null,null,83245.75,313.54,31547.0,null,1199.7,5.007814E7,null,null,null,2.6617502E7,null,null,2.902971E7,null,null,null,435.69,null,279874.1,null,5.4424224E7,null,3389345.8,null,null,null,null,31366.62,null,1317.63,null,18852.46,140518.36,794.7,null,137868.28,79740.14,7546719.0,null,1945.4,null,null,"Mount Baw Baw Region",null,1.1900296E7,null,1253.4,null,null,null,null,null,3529864.0,null,"205011077",null,null,null
null,null,null,null,null,null,null,null,null,null,null,null,2918.4,null,null,null,null,null,null,null,null,null,null,null,null,null,null,54823.62,null,null,null,null,null,null,null,null,51905.22,null,null,null,null,null,null,2918.4,null,null,null,null,null,null,null,null,null,null,null,null,null,null,null,null,null,null,null,null,null,13480.84,null,null,null,null,null,null,null,null,null,38424.38,null,null,null,null,null,null,null,null,null,"Hampton Park - Lynbrook",null,54823.62,null,null,null,null,null,null,null,51905.22,null,"212031305",null,null,null
31563.78,null,3436570.5,null,null,31563.78,null,1893.72,null,105.16,2760324.2,null,1.680871E7,null,null,null,null,null,null,null,1882.38,62653.85,0.0,null,null,394561.8,null,9.2672704E7,6623.68,null,null,null,2647706.0,null,null,null,4796525.0,null,null,2317487.2,497018.25,null,5042.86,97344.97,76.69,256973.48,null,5998.51,4.1255036E7,null,null,null,2.033477E7,null,null,2.3358416E7,null,null,45.58,111.3,null,2760324.2,null,4.1574664E7,40.19,226730.69,null,0.0,null,3791.87,null,null,1.161991E7,null,null,1809470.2,4513.08,null,44515.41,202522.22,2603190.5,null,3449241.2,null,null,"Warragul",null,2.7739628E7,null,null,null,null,null,null,null,2036201.0,4674714.0,"205011079",null,4724.04,null
1030.23,280085.06,null,957412.6,101.53,1030.23,null,null,null,null,null,null,1.2525885E7,null,null,null,null,null,null,null,null,null,0.0,null,9031275.0,null,null,6.1052336E7,null,null,null,40509.78,958289.06,null,null,null,202212.61,null,9112.39,8992529.0,7421806.5,null,null,null,null,3880913.0,null,null,null,null,null,null,3337982.5,null,5539.91,3.4452732E7,null,null,null,null,1601181.2,null,null,3880913.0,null,202212.61,null,null,null,null,358209.3,null,null,null,null,null,null,null,38893.69,1.4700415E7,281100.97,1.2525885E7,null,null,null,"Bacchus Marsh Region",null,2.2718692E7,null,null,null,883348.4,null,null,null,202212.61,null,"201021009",null,null,161991.44
0.0,508278.4,773.97,113058.39,null,0.0,556.17,null,null,null,68945.92,622.51,5737632.5,null,null,null,null,null,null,null,null,535.74,0.0,null,1542416.0,5210756.0,26102.34,2.1241266E7,null,null,null,61025.11,1327920.5,null,0.0,null,482172.88,null,65692.5,17541.25,3859524.8,null,null,71063.59,null,1873545.0,null,null,936453.0,null,null,null,5335987.5,10661.83,null,9312535.0,null,null,null,null,548086.6,68945.92,null,2810533.8,null,413226.94,null,null,null,null,79515.62,null,null,null,2572.56,null,null,null,160361.2,96909.12,579765.2,null,28054.99,null,null,"Daylesford",null,9118197.0,null,null,null,322246.88,null,null,null,413226.94,null,"201021011",null,null,421644.66
null,null,null,null,null,null,null,null,null,null,null,null,null,null,null,null,null,null,null,null,null,null,null,null,null,null,null,155343.38,null,null,null,null,null,null,null,null,155343.38,null,null,null,null,null,null,null,null,null,null,null,null,null,null,null,null,null,null,null,null,null,null,null,null,null,null,null,null,146965.47,null,null,null,null,null,null,null,null,null,8377.9,null,null,null,null,null,null,null,null,null,"Yarra - North",null,155343.38,null,null,null,null,null,null,null,155343.38,null,"206071145",null,null,null
null,null,null,null,null,null,null,null,null,null,null,null,95416.35,null,null,null,null,null,null,null,null,null,null,null,null,null,null,95416.35,null,null,null,null,null,null,null,null,null,null,null,null,null,null,null,95416.35,null,null,null,null,null,null,null,null,null,null,null,null,null,null,null,null,null,null,null,null,null,null,null,null,null,null,null,null,null,null,null,null,null,null,null,null,null,null,null,null,null,"North Geelong - Bell Park",null,95416.35,null,null,null,null,null,null,null,null,null,"203021047",null,null,null
null,24169.61,null,null,null,null,null,null,null,null,null,null,null,null,null,null,null,null,null,null,null,88.17,0.0,null,33892.17,null,null,9306855.0,null,null,null,null,313639.78,null,null,null,null,null,null,489.4,3466540.0,null,null,null,null,2064003.1,null,null,526609.94,null,null,null,2851481.2,null,null,6326733.5,null,null,null,null,10009.27,null,null,2590701.2,null,null,null,null,null,null,261514.1,null,null,null,8222.54,null,null,null,null,null,27956.08,null,null,null,null,"Kilmore - Broadford",null,389421.0,null,null,null,null,null,null,null,null,null,"204011056",null,null,23882.9
111965.88,144203.62,null,11055.93,null,111965.88,800747.5,null,null,null,null,null,5470572.5,null,null,null,null,null,null,null,null,696.54,0.0,null,196190.81,null,null,5.4690076E7,null,null,null,null,536753.8,null,null,null,497400.06,null,null,447.9,1.4314431E7,null,null,5939.37,null,7729793.5,null,null,329506.22,null,null,null,2.1987126E7,null,null,3.8627932E7,null,null,null,null,185134.88,null,null,8059996.5,null,497400.06,null,null,null,35334.64,null,null,5464633.0,null,2324516.0,null,null,null,25241.4,1413.2,367308.8,null,1189261.0,null,null,"Mansfield (Vic.)",null,8002144.0,null,null,null,null,null,null,null,497400.06,null,"204011057",null,null,null
52292.41,107809.77,null,753.94,null,52292.41,null,null,null,null,null,null,null,null,null,null,null,null,null,null,null,2867.3,0.0,null,135396.34,null,null,2.8840984E7,null,null,4098010.2,null,396269.38,null,null,null,4098010.2,null,null,20493.05,7663086.0,null,null,null,null,5971455.0,null,null,848795.06,null,null,null,9212102.0,null,null,1.7335898E7,null,null,null,null,100860.5,null,null,6823117.0,null,null,2.52,null,null,null,null,null,null,null,null,null,null,null,46603.46,440216.53,241856.16,null,null,null,null,"Seymour Region",null,4681968.5,null,null,null,33779.4,null,null,null,null,null,"204011060",null,null,null
null,253671.4,null,null,null,null,null,null,null,null,null,null,null,null,null,null,null,null,null,null,null,356727.56,0.0,null,160645.45,null,27883.67,2.25279264E8,null,null,null,null,5348679.5,null,null,null,532442.7,null,null,6025246.0,5032669.0,null,null,null,null,2094062.9,null,null,1.19654736E8,null,null,null,8.5895344E7,160645.45,null,9.706548E7,null,null,null,null,null,null,null,1.22105528E8,null,462183.5,null,null,null,null,32687.57,null,null,null,79012.06,70259.18,null,null,117315.93,33214.17,4945005.0,null,66486.74,26232.06,null,"Foster",null,6108254.5,null,null,null,null,null,null,null,532442.7,null,"205031087",null,12371.01,null
null,null,null,null,null,null,null,null,null,null,null,null,null,null,null,null,null,null,null,null,null,null,null,null,null,null,null,1223300.4,null,null,null,null,112428.74,null,null,null,null,null,null,null,87872.0,null,null,null,null,54262.64,null,null,null,null,null,null,968737.0,null,null,1056609.0,null,null,null,null,null,null,null,54262.64,null,null,null,null,null,null,null,null,null,null,null,null,null,null,null,null,112428.74,null,null,null,null,"French Island",null,112428.74,null,null,null,null,null,null,null,null,null,"205031088",null,null,null
8820.23,29012.13,null,null,null,8820.23,null,null,null,null,null,null,1274275.8,37974.33,null,null,null,null,null,null,null,14517.16,0.0,null,0.0,null,null,1.15439936E8,null,null,null,null,3558023.8,null,null,null,null,442558.75,null,3556986.2,660935.3,null,null,694358.6,null,260716.34,null,null,6.627736E7,null,null,null,3.9661992E7,null,null,4.4046224E7,null,null,null,null,0.0,null,null,6.6552596E7,null,null,null,null,null,null,1920.57,null,null,null,60085.48,null,null,null,105229.44,106224.51,3421861.8,null,null,null,null,"Korumburra",null,4841120.0,null,null,null,null,null,null,null,null,null,"205031089",null,null,null
32823.14,6999.21,330.72,14578.73,null,32823.14,null,171.32,null,null,null,1360.2,3.0773114E7,49926.91,null,null,null,null,null,12381.78,26.76,244.56,0.0,null,14578.73,3249688.8,null,1.63531744E8,null,null,null,null,5376653.5,3444.45,84.77,null,103230.09,820107.2,null,1965.54,1995769.5,null,480991.84,2.43487E7,169.58,926522.3,8003.06,479881.2,7.4715568E7,null,null,94.25,4.9546368E7,null,null,5.1571904E7,null,1332370.5,323.97,353.48,null,null,null,7.5642328E7,272.66,15406.12,0.0,null,null,null,11127.93,null,null,null,5459.93,87823.98,null,null,144682.3,22340.05,5213844.0,null,17115.87,null,null,"Leongatha",null,3.6317516E7,null,null,null,null,null,null,null,103230.09,null,"205031090",null,1546.38,null
null,null,null,null,null,null,null,null,null,null,null,null,17509.32,null,null,null,null,null,null,null,null,14978.73,null,null,null,null,null,3044629.8,null,null,null,null,293313.12,null,null,null,null,null,null,10509.09,552469.1,null,null,17509.32,null,230428.16,null,null,3418.88,null,null,null,1915790.6,null,null,2484981.5,null,null,null,null,null,null,null,248825.77,null,null,null,null,null,null,null,null,null,null,5500.42,null,null,null,null,712.23,293313.12,null,null,null,null,"Phillip Island",null,310822.44,null,null,null,null,null,null,null,null,null,"205031091",null,null,null
3129.17,null,null,9283.55,null,3129.17,null,null,null,null,null,null,9711895.0,3382550.0,null,null,null,null,null,null,null,80605.49,0.0,null,9283.55,null,null,1.08443056E8,null,null,null,null,6241280.5,null,null,null,443732.62,2494788.2,null,61331.26,430164.28,null,null,null,null,205506.05,null,1079655.4,5.3202064E7,null,null,null,3.8000752E7,null,null,3.8545564E7,null,null,null,null,null,null,null,5.3488176E7,null,92436.7,null,null,null,null,18430.36,null,null,null,49176.94,351295.9,null,null,null,4137.46,6222850.0,null,null,null,null,"Wonthaggi - Inverloch",null,1.6409321E7,null,null,null,null,2441249.8,null,null,443732.62,313651.62,"205031093",null,null,null
null,null,null,null,null,null,null,null,null,null,null,null,null,null,null,null,null,null,null,null,null,null,null,null,null,null,null,540898.1,null,null,null,null,null,null,null,null,null,null,null,null,null,null,null,null,null,null,null,null,null,null,null,null,540898.1,null,null,540898.1,null,null,null,null,null,null,null,null,null,null,null,null,null,null,null,null,null,null,null,null,null,null,null,null,null,null,null,null,null,"Melbourne",null,null,null,null,null,null,null,null,null,null,null,"206041122",null,null,null
null,null,null,null,null,null,null,null,null,null,null,null,1164111.2,null,null,null,null,null,null,null,null,null,null,null,null,null,null,1164111.2,null,null,null,null,null,162246.14,null,null,null,null,null,null,null,null,null,614184.6,null,null,null,null,null,null,null,null,null,null,null,null,null,104461.62,null,null,null,null,null,null,null,null,null,null,null,null,null,null,null,null,null,null,283218.84,null,null,null,null,null,null,null,null,"Cranbourne",null,1164111.2,null,null,null,null,null,null,null,null,null,"212031300",null,null,null
null,null,5504186.0,null,null,null,null,null,null,null,null,null,8278232.5,null,null,null,null,null,null,null,null,null,0.0,null,null,null,null,1.5002E7,null,null,null,null,356271.38,2861830.5,null,null,478102.94,null,null,null,null,null,null,5089683.5,null,null,null,null,null,null,null,null,385207.4,null,null,385207.4,null,326718.25,null,null,null,null,null,null,null,71352.35,null,null,null,null,null,null,null,null,null,406750.6,null,null,339389.22,null,null,null,5504186.0,null,null,"Cranbourne East",null,1.4616793E7,null,null,null,null,null,null,null,478102.94,null,"212031301",null,null,null
null,null,null,null,null,null,null,null,null,null,null,null,755005.8,null,null,null,null,null,null,null,null,null,null,null,null,null,null,1016243.2,null,null,null,null,null,null,null,null,null,null,null,null,56453.51,null,16809.52,null,null,24899.15,null,368364.4,null,null,null,null,179884.8,null,null,236338.31,null,null,null,null,null,null,null,24899.15,null,null,null,null,null,null,null,null,null,null,null,null,63183.08,null,null,null,null,null,null,null,null,"Wyndham Vale",null,755005.8,null,null,null,null,null,null,null,null,null,"213051369",null,null,null
null,null,null,null,null,null,null,null,null,null,null,null,null,null,null,null,null,null,null,null,null,null,null,null,null,null,null,82005.99,null,null,null,null,null,null,null,null,82005.99,null,null,null,null,null,null,null,null,null,null,null,null,null,null,null,null,null,null,null,null,null,null,null,null,null,null,null,null,null,null,null,null,null,null,null,null,null,null,82005.99,null,null,null,null,null,null,null,null,null,"Cheltenham - Highett (West)",null,82005.99,null,null,null,null,null,null,null,82005.99,null,"208011171",null,null,null
null,null,null,null,null,null,null,null,null,null,1309389.6,null,null,null,null,null,null,null,null,null,null,null,0.0,null,null,null,null,2513603.2,null,null,null,null,245.08,null,null,null,2500669.0,null,null,null,null,null,null,null,null,null,null,null,null,null,null,null,12689.31,null,null,12689.31,null,null,null,null,null,1309389.6,null,null,null,1054963.8,null,null,null,null,null,null,null,null,null,136315.45,null,null,null,null,245.08,null,null,null,null,"Belgrave - Selby",null,2500914.0,null,null,null,null,null,null,null,1191279.2,null,"211051274",null,null,null
null,null,null,null,null,null,null,null,null,null,null,null,null,null,null,null,null,null,null,null,null,null,null,null,null,null,null,1640119.8,null,null,null,null,null,null,null,null,1640119.8,null,null,null,null,null,null,null,null,null,null,null,null,null,null,null,null,null,null,null,null,null,null,null,null,null,null,null,null,null,null,null,null,null,null,null,null,null,null,1640119.8,null,null,null,null,null,null,null,null,null,"Clayton South",null,1640119.8,null,null,null,null,null,null,null,1640119.8,null,"212041310",null,null,null
null,null,null,null,null,null,null,null,null,null,4584.8,null,62284.94,null,null,null,null,null,null,null,null,null,null,null,null,null,null,1472640.6,null,null,null,null,null,null,null,null,1410355.6,null,null,null,null,null,null,62284.94,null,null,null,null,null,null,null,null,null,null,null,null,null,null,null,null,null,485777.1,null,null,null,284002.34,null,null,null,null,null,null,null,null,null,640576.25,null,null,null,null,null,null,null,null,null,"Dingley Village",null,1472640.6,481192.3,null,null,null,null,null,null,924578.56,null,"212041313",null,null,null
25225.3,984583.44,5165071.0,410520.03,null,25225.3,37721.66,129809.13,null,null,null,10068.41,null,null,null,null,null,null,null,null,16831.27,389.61,0.0,null,1930115.8,null,null,4.4720304E7,null,null,null,96762.43,1913189.2,null,null,null,154726.12,null,null,2136.65,1.7517124E7,null,null,null,null,1.1087692E7,null,null,948329.94,null,37.97,12641.27,5694920.0,null,null,2.3288492E7,null,null,null,null,563754.6,null,null,1.2036411E7,null,154726.12,null,null,null,null,164589.92,null,null,null,53158.01,null,null,null,650753.9,21153.66,113262.04,null,5372142.5,null,null,"Castlemaine Region",null,9395399.0,null,null,null,342235.06,null,null,null,154726.12,null,"202021028",18327.65,null,498478.0
504.51,19883.95,null,null,null,504.51,null,null,null,null,114909.86,null,null,null,null,null,null,null,null,null,null,null,0.0,null,null,null,null,1.5414232E7,null,null,null,null,130534.23,null,null,null,266269.16,null,null,null,7296001.5,null,null,null,null,3709562.8,null,null,null,null,null,null,3705808.0,null,null,1.1307361E7,null,null,null,null,null,114909.86,null,3709562.8,null,150471.6,null,null,null,null,33186.32,null,null,null,305551.47,887.7,null,null,4226.17,null,73237.79,null,null,null,null,"Kyneton",null,397307.9,null,null,null,null,null,null,null,151359.3,null,"202021030",null,null,null
7567.59,null,null,null,null,7567.59,null,null,null,null,null,null,null,null,null,null,null,null,null,null,null,24.74,0.0,null,null,null,null,2406492.8,null,null,null,null,186056.34,null,null,null,null,null,null,null,480676.62,null,null,null,null,238568.73,null,null,309924.34,null,null,null,1021546.6,null,null,1664351.0,null,null,null,null,null,null,null,548517.8,null,null,null,null,null,null,20701.97,null,null,null,null,null,null,null,18592.33,4097.13,146762.05,null,null,null,null,"Woodend",null,193623.94,null,null,null,null,null,null,null,null,null,"202021031",null,null,null
null,null,null,5474.21,null,null,null,null,null,null,56188.83,null,636585.9,null,null,null,null,null,null,null,null,null,0.0,null,14106.57,null,null,760330.3,null,null,null,null,null,17055.49,null,null,56188.83,null,null,null,2333.45,null,null,256002.05,null,790.48,null,null,null,null,null,null,50325.12,null,null,52658.57,null,null,null,null,8632.37,56188.83,null,790.48,null,null,null,null,null,null,null,null,363528.34,null,null,null,null,null,null,null,null,null,null,null,null,"Corio - Norlane",null,706881.25,null,null,null,null,null,null,null,null,null,"203021038",null,null,null
null,null,null,null,null,null,null,null,null,null,null,null,null,null,null,null,null,null,null,null,null,null,null,null,null,null,null,70394.4,null,null,null,null,48558.11,null,null,null,null,null,null,null,3245.61,null,null,null,null,1099.48,null,null,null,null,null,null,17491.2,null,null,20736.81,null,null,null,null,null,null,null,1099.48,null,null,null,null,null,null,null,null,null,null,null,null,null,null,48558.11,null,null,null,null,null,null,"Geelong West - Hamlyn Heights",null,48558.11,null,null,null,null,null,null,null,null,null,"203021040",null,null,null
null,3100.51,null,null,null,null,null,null,null,null,null,null,null,null,null,null,null,null,null,null,null,null,null,null,null,null,null,2389439.0,null,null,null,null,39784.19,null,null,null,734228.6,null,null,null,859023.56,null,null,null,null,672561.2,null,null,null,null,null,null,83841.53,null,null,942865.06,null,null,null,null,null,null,null,672561.2,null,702204.8,null,null,null,null,null,null,null,null,null,32023.86,null,null,null,null,36683.68,null,null,null,null,"Grovedale",null,774012.8,null,null,null,null,null,null,null,734228.6,null,"203021041",null,null,null
null,null,null,38593.16,null,null,null,null,null,null,null,null,null,null,null,null,null,null,null,null,null,null,0.0,null,122871.71,null,null,6636722.0,null,null,null,null,15855.61,null,null,null,null,null,34779.99,null,219784.69,null,null,null,null,135240.83,null,null,null,null,null,null,13879.31,null,null,241065.3,null,null,null,null,49498.56,null,null,135390.48,null,null,null,null,null,null,6300.28,null,null,null,null,null,null,null,null,null,9555.33,null,null,null,null,"Highton",null,null,null,null,null,null,null,null,null,null,null,"203021042",null,null,null
null,11763.86,null,736223.4,null,null,null,null,null,null,null,null,5129554.5,null,null,null,null,11437.36,null,null,null,18.94,0.0,null,3272326.0,null,null,4.0429392E7,0.0,null,null,null,11763.86,4019392.8,null,null,8484146.0,null,null,1.8058032E7,2857996.5,null,null,286249.06,null,1859164.9,661.99,811813.25,234382.73,null,null,null,456715.34,null,null,2.1438036E7,null,null,null,null,907781.6,null,null,2093566.5,null,2557238.0,null,null,null,null,null,null,null,null,65290.94,5926908.5,null,null,null,null,null,null,null,null,null,"Lara",null,1.689779E7,null,null,null,1326088.9,null,null,null,8484146.0,null,"203021043",287409.53,null,11295.04
12185.54,5599.61,null,null,null,12185.54,null,null,null,null,89519.66,null,null,null,null,null,null,null,null,null,null,null,0.0,null,null,null,null,1409841.8,null,null,null,null,13303.22,null,null,null,1150115.0,null,null,null,29854.51,null,null,null,null,65439.01,null,null,null,null,null,null,138944.44,null,null,168798.94,null,null,null,null,null,89519.66,null,65439.01,null,702204.8,null,null,null,null,null,null,null,null,null,358390.6,null,null,null,null,7703.61,null,null,null,null,"Leopold",null,1175603.8,null,null,null,null,null,null,null,1060595.4,null,"203021044",null,null,null
null,null,null,null,null,null,null,null,null,null,19242.52,null,263899.62,null,null,null,null,null,null,null,null,null,null,null,null,null,null,283223.66,726.93,null,null,null,null,null,null,null,19324.02,null,null,null,null,null,1120.37,258145.11,null,null,null,null,null,null,null,null,null,null,null,null,null,null,null,null,null,19280.99,null,null,null,null,null,null,null,null,null,null,3723.07,null,null,43.02,null,null,null,null,null,null,null,null,null,"Newcomb - Moolap",null,283223.66,38.47,null,null,null,null,null,null,43.02,184.16,"203021045",null,null,null
null,null,null,null,null,null,null,null,null,null,null,null,321035.78,null,null,null,null,null,null,null,null,66.92,null,null,91977.77,46935.42,null,967007.7,null,null,null,null,12269.83,null,null,null,null,null,null,53.55,120585.57,null,null,null,null,50839.68,null,null,null,null,null,null,166137.86,null,null,286776.97,null,null,null,null,45612.75,null,null,104843.59,null,null,null,null,null,null,null,null,274100.38,null,null,null,null,null,3301.08,null,5200.53,null,null,null,null,"Clifton Springs",null,575387.1,null,null,null,46365.02,null,null,null,null,null,"203031048",null,null,null
17055.1,17607.41,131.62,72435.19,null,17055.1,null,34.09,null,null,null,null,2504023.5,null,null,null,null,null,36162.86,null,null,88.4,0.0,null,195153.2,null,null,1.0839793E7,null,null,null,null,961998.56,2504023.5,null,10223.72,44194.98,null,null,3831503.0,293784.62,null,null,null,null,196179.73,null,null,531646.94,null,null,9684.85,2218151.2,null,null,6343439.0,null,null,null,null,36238.54,null,null,727915.06,null,null,null,null,null,null,null,null,null,null,null,44194.98,null,null,10326.2,null,934064.94,null,46013.42,null,null,"Ocean Grove - Barwon Heads",null,3768438.8,null,null,null,76255.75,null,null,null,44194.98,null,"203031050",null,null,null
null,161821.23,null,128111.11,null,null,null,null,null,null,null,null,null,null,null,null,null,null,null,null,null,null,0.0,null,1019044.7,null,null,8764470.0,null,null,null,null,245781.77,null,null,null,null,null,null,null,841795.25,null,null,null,null,582088.1,null,null,null,null,null,null,359827.62,null,null,6905370.0,null,null,null,null,447322.47,null,null,582088.1,null,null,null,null,null,null,28939.96,null,null,null,null,null,null,null,4760.6,null,50259.95,null,null,null,null,"Portarlington",null,1277012.0,null,null,null,369430.22,null,null,null,null,null,"203031051",null,null,74180.89
1545.35,14433.43,null,null,null,1545.35,null,null,null,null,null,null,16328.91,null,null,null,null,null,null,null,null,null,0.0,null,55107.08,null,null,897069.75,null,null,null,null,72606.85,null,null,51175.12,75427.53,null,null,null,268478.2,null,null,16328.91,null,95053.11,null,null,null,null,null,null,312522.7,null,null,581000.9,null,null,null,null,3931.96,null,null,95053.11,null,75427.53,null,null,null,null,null,null,null,null,null,null,null,null,null,null,58173.43,null,null,null,null,"Queenscliff",null,221015.73,null,null,null,null,null,null,null,75427.53,null,"203031052",null,null,null
null,630.03,null,null,null,null,null,null,null,null,1.7469516E7,null,15034.81,null,null,null,null,null,null,null,null,null,0.0,null,null,null,null,2.5393192E7,null,null,4728473.5,null,63330.34,150.31,null,null,2.3339326E7,null,null,null,518216.4,null,null,null,null,267123.25,null,null,null,null,null,null,513200.56,null,null,1274849.1,null,null,null,null,null,1.7469516E7,null,700650.8,null,241437.12,null,null,null,null,null,null,null,null,null,899899.4,null,null,3213.77,null,59486.54,null,null,null,null,"Torquay",7322.32,2.3417692E7,null,null,7540.47,null,null,null,null,1141336.5,21.71,"203031053",null,null,null
null,6454.38,1121534.6,55920.71,null,null,1.0233147E7,null,null,null,24691.96,null,17102.94,null,null,null,null,null,null,null,null,389.26,0.0,null,73431.91,17102.94,24827.87,4.1254832E7,null,null,5280128.5,5308.05,1359854.5,null,null,null,5304820.5,null,null,790.55,2787401.0,null,null,null,null,1676741.9,null,null,3597.94,null,null,null,1.8651192E7,null,null,2.1439384E7,null,null,null,null,null,24691.96,null,1680729.1,null,null,null,null,null,null,6698.83,null,null,null,null,null,null,null,null,null,1346701.4,null,1.137951E7,null,null,"Alexandra",null,1.813472E7,null,null,null,null,null,null,null,null,null,"204011054",null,null,12203.15
null,9223.19,null,null,null,null,null,null,null,null,null,null,null,null,null,null,null,null,null,null,null,null,null,null,null,null,null,97875.99,null,null,null,null,9223.19,null,null,null,null,null,null,null,80.43,null,null,null,null,6510.02,null,null,null,null,null,null,82062.35,null,null,82142.78,null,null,null,null,null,null,null,6510.02,null,null,null,null,null,null,null,null,null,null,null,null,null,null,null,null,null,null,null,null,null,"Parkville",null,9223.19,null,null,null,null,null,null,null,null,null,"206041124",null,null,null
null,null,null,null,null,null,null,null,null,null,null,null,null,null,null,null,null,null,5602534.0,null,null,null,null,null,null,null,429818.3,6032352.5,null,null,null,null,null,null,null,null,null,null,null,null,null,null,null,null,null,null,null,null,null,null,null,null,null,null,null,null,null,null,null,null,null,null,null,null,null,null,null,null,null,null,null,null,null,null,null,null,null,null,null,null,null,null,6032352.5,null,null,"Abbotsford",null,6032352.5,null,null,null,null,null,null,null,null,null,"206071139",null,null,null
null,null,null,null,null,null,null,null,null,null,null,null,null,null,null,null,null,null,null,null,null,null,null,null,null,null,null,40442.52,null,null,null,null,null,null,null,null,40442.52,null,null,null,null,null,null,null,null,null,null,null,null,null,null,null,null,null,null,null,null,null,null,null,null,null,null,null,null,40442.52,null,null,null,null,null,null,null,null,null,null,null,null,null,null,null,null,null,null,null,"Hawthorn",null,40442.52,null,null,null,null,null,null,null,40442.52,null,"207011151",null,null,null
null,null,null,null,null,null,null,null,null,null,null,null,59862.29,null,null,null,null,null,null,null,null,null,null,null,null,null,null,59862.29,null,null,null,null,null,null,null,null,null,null,null,null,null,null,null,null,null,null,null,null,null,null,null,null,null,null,null,null,null,null,null,null,null,null,null,null,null,null,null,null,null,null,null,null,59862.29,null,null,null,null,null,null,null,null,null,null,null,null,"Templestowe",null,59862.29,null,null,null,null,null,null,null,null,null,"207021159",null,null,null
null,449681.75,null,253613.73,null,null,null,null,null,null,null,null,null,null,null,null,null,null,null,null,null,4531502.5,0.0,null,739749.5,null,null,1.5887127E7,null,null,null,null,452625.75,null,null,null,null,null,null,9369042.0,240338.3,null,null,null,null,118192.64,null,null,null,null,null,null,435676.25,null,null,1.0045057E7,null,null,null,null,144279.64,null,null,4649695.5,null,null,null,null,null,null,null,null,null,null,null,null,null,null,null,null,2944.03,null,null,null,null,"Werribee",null,1192375.2,null,null,null,341856.1,null,null,null,null,null,"213051367",null,null,null
null,null,null,null,null,null,null,null,null,null,null,null,5.3777016E7,264371.44,null,null,null,null,null,null,null,null,null,null,null,null,null,6.0151788E7,null,null,null,null,36503.78,1.2067863E7,null,null,2717997.8,null,null,2185966.0,null,null,1.190304E7,5967459.0,null,null,null,2.1550956E7,null,null,null,null,189564.78,null,null,2375530.8,null,null,null,null,null,null,null,null,null,575420.94,null,null,null,null,36503.78,null,null,null,null,2142576.8,2023327.0,null,null,null,null,null,null,null,null,"Werribee - South",null,5.653152E7,null,null,null,null,null,null,null,2717997.8,null,"213051368",null,null,null
null,null,null,null,null,null,null,null,null,null,null,null,null,null,null,null,null,null,null,null,null,null,null,null,null,null,null,8901328.0,null,null,null,null,null,null,null,null,4470816.0,null,null,null,null,null,null,null,null,null,null,null,null,null,null,null,null,null,null,null,null,null,null,null,null,61064.45,null,null,null,788735.56,null,null,null,null,null,null,null,null,null,3621016.2,null,null,null,null,null,null,null,null,null,"Moorabbin - Heatherton",null,7875875.5,61064.45,null,null,null,null,null,null,4409751.5,null,"208031191",null,null,null
null,null,null,null,null,null,null,null,null,null,null,null,null,null,null,null,null,null,null,null,null,null,0.0,null,null,null,null,32760.94,null,null,null,null,8329.89,null,null,null,null,null,null,null,null,null,null,null,null,null,null,null,null,null,null,null,5039.73,null,null,22983.68,null,null,null,null,null,null,null,null,null,null,null,null,null,null,null,null,null,null,null,null,null,null,null,null,8329.89,null,null,null,null,"Research - North Warrandyte",null,8329.89,null,null,null,null,null,null,null,null,null,"209031214",null,null,null
null,null,null,null,null,null,null,null,null,null,null,null,null,null,null,null,null,null,null,null,null,null,null,null,16203.91,null,null,802621.5,null,null,null,16203.91,null,null,null,null,null,null,null,null,28337.87,null,null,null,null,26866.63,null,null,null,null,null,null,629599.0,null,null,720206.7,null,null,null,null,null,null,null,59079.65,null,null,null,null,null,null,null,null,null,null,28932.94,null,null,null,null,null,null,null,null,null,null,"Epping",null,23335.17,null,null,null,null,null,null,null,null,null,"209041218",null,null,null
null,5154.47,1256711.9,null,null,null,null,8.9,null,null,1707547.6,null,null,null,null,null,null,null,null,null,139.07,1.6197391E7,null,null,null,44860.6,562655.5,4.9859632E7,null,null,5158.19,null,95162.01,null,null,null,1.3451512E7,null,null,1.6336612E7,28869.46,null,null,null,null,10062.23,null,null,null,null,null,null,740462.06,null,null,1.7105944E7,null,null,null,null,null,1707547.6,null,1.6207453E7,null,9164779.0,null,null,null,null,997.71,null,null,null,null,2574027.2,null,null,null,null,89009.83,null,1829122.5,null,null,"Kinglake",null,1.6546235E7,null,null,null,null,null,null,null,1.1738807E7,null,"209031211",null,null,null
142686.94,null,781738.94,null,null,142686.94,null,918230.06,null,null,null,null,21638.33,3499.59,null,null,null,null,null,null,null,903.98,0.0,null,null,null,null,3255163.0,1294.22,null,null,null,128411.69,2035.82,null,null,37822.29,null,null,1119.35,5411.91,null,null,null,175.83,18091.47,null,null,null,null,null,null,1127656.0,null,null,1134187.2,null,2621.51,null,34592.86,null,null,null,55678.9,null,null,null,null,null,null,null,null,1847.63,null,null,37822.29,null,null,null,null,128411.69,null,1734737.6,null,null,"Panton Hill - St Andrews",null,2065296.9,null,null,1625.9,null,null,null,null,37822.29,8713.65,"209031212",null,null,null
null,null,null,null,null,null,null,null,null,null,null,null,null,null,null,null,null,null,null,null,null,null,null,null,null,null,null,5037679.0,null,null,null,null,null,null,null,null,188731.77,null,null,4125263.0,null,null,null,null,null,null,null,null,null,null,null,null,null,null,null,4125263.0,null,null,null,null,null,null,null,null,null,188731.77,null,null,null,null,null,null,null,null,null,null,null,null,null,null,null,null,null,null,null,"Plenty - Yarrambat",null,188731.77,null,null,null,null,null,null,null,188731.77,null,"209031213",null,null,null
61813.83,null,null,null,null,61813.83,null,null,null,null,null,null,null,null,null,null,null,null,325561.84,null,null,null,null,null,null,null,null,387375.66,null,null,null,null,null,null,null,null,null,null,null,null,null,null,null,null,null,null,null,null,null,null,null,null,null,null,null,null,null,null,null,null,null,null,null,null,null,null,null,null,null,null,null,null,null,null,null,null,null,null,null,null,null,null,325561.84,null,null,"Chirnside Park",null,387375.66,null,null,null,null,null,null,null,null,null,"211051275",null,null,null
null,null,null,null,null,null,null,null,null,null,null,null,null,null,null,null,null,null,null,null,null,null,null,null,null,null,null,13309.92,null,null,null,null,null,null,null,null,null,null,null,null,null,null,null,null,null,null,null,null,null,null,null,null,13309.92,null,null,13309.92,null,null,null,null,null,null,null,null,null,null,null,null,null,null,null,null,null,null,null,null,null,null,null,null,null,null,null,null,null,"Wattle Glen - Diamond Creek",null,null,null,null,null,null,null,null,null,null,null,"209031215",null,null,null
null,null,null,null,null,null,null,null,null,null,null,null,6.4373168E7,null,null,null,null,null,null,null,null,null,null,null,null,null,null,6.4897144E7,null,null,null,null,null,null,null,null,null,null,null,null,null,null,null,null,null,null,null,null,null,null,null,null,null,null,null,null,null,null,null,null,null,null,null,null,null,null,null,null,null,null,null,null,null,null,null,null,null,null,null,null,null,6.4373168E7,null,null,null,"South Morang",null,6.4445936E7,null,null,null,null,null,null,null,null,null,"209041222",null,null,null
1610936.4,null,5278.14,null,null,1610936.4,null,2071.34,null,null,null,null,3458.05,null,null,null,null,null,4805350.0,null,null,4154102.5,0.0,null,null,null,132465.4,1.6987026E7,null,null,954766.5,null,338758.94,null,null,null,1837708.5,null,null,2588557.5,8632.49,null,null,3458.05,null,5845.49,null,null,33203.73,null,null,null,1460657.9,null,null,4057848.0,null,null,null,null,null,null,null,4193151.8,null,591394.56,null,null,null,null,null,null,null,null,null,291547.53,null,null,null,null,338758.94,null,4945164.5,null,null,"Healesville - Yarra Glen",null,8736027.0,null,null,null,null,null,null,null,882942.06,null,"211051276",null,null,null
1733363.6,54195.34,4719841.5,null,null,1733363.6,92461.52,268120.6,null,null,204135.61,null,5034209.0,null,null,null,null,null,7557933.5,null,46405.68,18787.56,0.0,null,13909.98,null,null,2.517466E7,null,null,null,null,526423.94,null,null,null,2249378.2,null,null,247763.73,19438.19,null,null,29392.05,null,7419.69,null,null,662393.94,null,null,null,1976808.5,null,null,2244010.5,null,null,null,null,13909.98,204135.61,null,688601.2,null,928496.25,null,null,null,null,null,null,36086.82,null,null,1116746.5,null,null,null,null,472228.62,null,1.2684763E7,null,null,"Lilydale - Coldstream",null,2.2242048E7,null,4380423.0,null,null,null,null,null,2045242.8,null,"211051278",null,null,null
null,null,null,null,null,null,1049144.0,null,null,null,3606898.8,null,269369.94,null,null,null,1997.53,null,8713465.0,null,null,2.0,0.0,null,3087.78,null,1571947.6,8.1916896E7,null,null,null,null,5133.3,null,null,null,6.4056044E7,null,null,5489622.0,null,null,null,133070.81,null,null,null,null,null,null,null,null,3512.64,null,null,5493134.5,null,null,null,401693.84,null,1.558613E7,null,2.0,null,3.4857028E7,null,null,null,91608.15,null,null,30844.99,null,null,1.3612885E7,null,null,null,null,5133.3,null,1.2090128E7,260271.66,null,"Monbulk - Silvan",null,7.642376E7,1.1979231E7,null,null,3087.78,null,null,null,4.8469916E7,28376.83,"211051279",null,null,null
null,null,null,null,null,null,null,null,null,null,null,null,null,null,null,null,null,null,143886.75,null,null,null,null,null,null,null,null,6256019.5,null,null,null,null,null,null,null,null,6112132.5,null,null,null,null,null,null,null,null,null,null,null,null,null,null,null,null,null,null,null,null,null,null,null,null,null,null,null,null,629323.6,null,null,null,null,null,null,null,null,null,5482809.0,null,null,null,null,null,null,143886.75,null,null,"Mooroolbark",null,6256019.5,null,null,null,null,null,null,null,6112132.5,null,"211051281",null,null,null
null,null,null,null,null,null,null,null,null,null,3844467.0,null,null,null,null,null,null,131.7,28777.35,null,null,null,null,null,null,null,null,9300649.0,null,null,null,null,null,null,null,null,9234938.0,null,null,null,null,null,null,6090.23,null,null,null,null,null,null,null,null,null,null,null,null,null,null,null,3358.5,null,5353505.0,null,null,null,2527783.0,null,null,null,null,null,null,null,null,null,1353650.4,null,null,null,null,null,null,32135.85,null,null,"Mount Dandenong - Olinda",null,9300649.0,1509037.8,null,null,null,null,null,null,3881433.2,null,"211051282",null,null,null
null,null,null,null,null,null,null,null,null,null,null,null,null,null,null,null,null,null,null,null,null,null,null,null,null,null,null,2127297.5,null,null,null,null,null,null,null,null,null,null,null,null,null,null,null,null,null,null,null,null,null,null,null,null,null,null,null,null,null,null,null,null,null,null,null,null,null,null,null,2127297.5,null,null,null,null,null,null,null,null,null,null,null,null,null,null,2127297.5,null,null,"Thomastown",null,2127297.5,null,null,null,null,null,null,null,null,null,"209041223",null,null,null
null,110184.93,4798.31,null,null,null,4788.95,null,null,null,null,null,null,null,null,null,null,null,null,null,0.0,null,0.0,null,718032.44,null,null,3616842.2,null,null,null,null,358179.6,null,0.0,null,null,null,null,null,null,null,null,null,null,null,null,null,null,null,null,3038.96,2528004.0,null,null,2528004.0,null,null,null,null,497451.9,null,null,null,null,null,null,null,null,null,null,null,null,null,null,null,null,null,null,null,247994.67,null,12626.21,null,null,"Wallan",null,1088838.2,null,null,null,211946.77,null,null,null,null,null,"209041224",null,null,null
0.0,null,3198.87,null,null,0.0,null,1657.07,null,null,null,14618.51,85291.56,null,null,null,null,null,null,null,129.42,null,0.0,null,null,null,269706.56,3599863.0,762.73,null,null,null,78901.93,null,2459.82,null,1502301.6,null,null,null,155434.53,null,null,null,null,86436.38,null,null,182667.31,null,null,45584.36,1171475.1,null,null,1326909.6,null,82004.94,null,null,null,null,null,269103.7,null,1181559.4,null,null,null,null,null,null,1378.66,null,null,320742.25,null,null,14805.57,null,64096.36,null,337354.62,null,null,"Whittlesea",null,2003849.8,null,null,null,null,null,null,null,1502301.6,1145.24,"209041225",null,null,null
null,null,null,null,null,null,null,null,null,null,null,null,null,null,null,null,null,null,null,null,null,null,null,null,null,null,null,168387.7,null,null,null,null,null,null,null,null,null,null,null,null,null,null,null,null,null,null,null,null,null,null,null,null,168387.7,null,null,168387.7,null,null,null,null,null,null,null,null,null,null,null,null,null,null,null,null,null,null,null,null,null,null,null,null,null,null,null,null,null,"Keilor",null,null,null,null,null,null,null,null,null,null,null,"210011228",null,null,null
null,null,null,null,null,null,125256.05,null,null,null,null,null,null,null,null,null,null,null,null,null,null,null,null,null,null,null,null,811358.56,null,null,null,null,4969.36,null,null,null,null,null,null,null,null,null,null,null,null,null,null,null,null,null,null,null,186603.27,null,null,586645.6,null,null,null,null,null,null,null,null,null,null,null,null,null,null,null,null,null,null,null,null,null,null,null,null,4969.36,null,125256.05,null,null,"Gisborne",null,224712.94,null,null,null,null,null,null,null,null,null,"210021232",null,null,null
null,null,null,null,null,null,null,null,null,null,null,null,null,null,null,null,null,null,null,null,null,null,0.0,null,null,null,null,24591.16,null,null,null,null,18335.2,null,null,null,null,null,null,null,null,null,null,null,null,null,null,null,null,null,null,null,null,null,null,null,null,null,null,null,null,null,null,null,null,null,null,null,null,null,null,null,null,null,null,null,null,null,null,null,18335.2,null,null,null,null,"Macedon",null,21209.79,null,null,null,null,null,null,null,null,null,"210021233",null,null,null
null,3131.67,null,null,null,null,null,null,null,null,null,null,null,null,null,null,null,null,null,null,null,null,0.0,null,null,null,null,2286049.8,null,null,null,null,3131.67,null,null,null,134808.4,null,null,2105155.8,4496.11,null,null,null,null,3362.3,null,null,null,null,null,null,35095.57,null,null,2144747.5,null,null,null,null,null,null,null,3362.3,null,134808.4,null,null,null,null,null,null,null,null,null,null,null,null,null,null,null,null,null,null,null,"Riddells Creek",null,137940.06,null,null,null,null,null,null,null,134808.4,null,"210021234",null,null,null
53056.87,456828.66,null,220691.05,null,53056.87,null,null,null,null,153101.7,null,null,null,null,null,null,null,null,null,null,193998.62,0.0,null,1299139.0,null,null,1.4643352E7,null,null,null,null,836727.3,null,null,null,2256956.5,null,null,166714.73,3809121.5,null,null,null,null,2433271.2,null,null,501020.84,null,33293.56,null,2992191.5,null,null,7069181.0,null,null,null,null,677819.44,331641.88,null,3128290.8,null,1843308.8,null,null,null,null,132521.92,null,null,null,null,82005.99,null,null,4242.64,101153.23,243134.1,null,null,null,null,"Romsey",null,4445880.0,178540.16,null,null,324249.4,null,null,null,1925314.8,null,"210021235",null,null,43085.62
null,null,null,null,null,null,null,null,null,null,null,null,104759.01,null,null,null,null,null,null,null,null,null,null,null,null,null,null,104759.01,null,null,null,null,null,null,null,null,null,null,null,null,null,null,null,null,null,null,null,null,null,null,null,null,null,null,null,null,null,null,null,null,null,null,null,null,null,null,null,null,null,null,null,null,104759.01,null,null,null,null,null,null,null,null,null,null,null,null,"Melbourne Airport",null,104759.01,null,null,null,null,null,null,null,null,null,"210051248",null,null,null
8756.96,null,null,null,null,8756.96,null,null,null,null,null,null,null,null,null,null,null,null,null,null,null,null,0.0,null,23865.62,null,null,1082687.6,null,null,null,null,null,null,null,null,211657.17,null,null,null,17611.93,null,null,null,null,8161.44,null,null,null,null,null,null,812634.56,null,null,830246.5,null,null,null,null,4172.99,null,null,8161.44,null,134808.4,null,null,null,null,null,null,null,null,null,76848.76,null,null,null,null,null,null,null,null,null,"Sunbury",null,244279.75,null,null,null,19692.63,null,null,null,211657.17,null,"210041240",null,null,null
23544.73,1739.59,null,null,null,23544.73,null,null,null,null,null,null,null,null,null,null,null,null,null,null,null,31.88,0.0,null,14756.37,null,null,null,null,null,null,null,1739.59,null,null,null,null,null,null,598.93,130167.78,null,null,null,null,79496.81,null,null,7006.03,null,null,null,178452.62,null,null,421934.97,null,null,null,null,null,null,null,86534.72,null,null,null,null,null,null,null,null,null,null,112715.63,null,null,null,null,null,null,null,null,null,null,"Sunbury - South",null,null,null,null,null,null,null,null,null,null,null,"210041241",null,null,6450.83
null,null,null,null,null,null,null,null,null,null,null,null,null,null,null,null,null,null,null,null,null,null,null,null,102212.21,null,null,952685.94,null,null,null,null,null,null,null,null,null,null,null,null,null,null,null,null,null,null,null,null,249716.27,null,null,null,600757.44,null,null,600757.44,null,null,null,null,102212.21,null,null,249716.27,null,null,null,null,null,null,null,null,null,null,null,null,null,null,null,null,null,null,null,null,null,"Craigieburn - Mickleham",null,102212.21,null,null,null,null,null,null,null,null,null,"210051244",null,null,null
null,null,null,null,null,null,null,null,null,null,null,null,null,null,null,null,null,null,null,null,null,null,null,null,null,null,null,984632.9,null,null,null,null,null,null,null,null,984632.9,null,null,null,null,null,null,null,null,null,null,null,null,null,null,null,null,null,null,null,null,null,null,null,null,null,null,null,null,984632.9,null,null,null,null,null,null,null,null,null,null,null,null,null,null,null,null,null,null,null,"Gladstone Park - Westmeadows",null,984632.9,null,null,null,null,null,null,null,984632.9,null,"210051245",null,null,null
null,null,null,null,null,null,null,null,null,null,21539.36,null,null,null,null,null,null,null,null,null,null,null,null,null,null,null,null,1008456.4,null,null,null,null,null,null,null,null,21539.36,null,null,null,null,null,null,null,null,null,null,null,null,null,null,null,134560.7,null,null,469190.34,null,null,null,null,null,21539.36,null,218262.06,null,null,null,null,null,null,null,null,null,null,null,null,null,null,null,null,null,null,null,null,null,"Greenvale - Bulla",null,321004.06,null,null,null,null,null,null,null,null,null,"210051246",null,null,null
null,null,null,null,null,null,null,null,null,null,null,null,null,null,null,null,null,null,null,null,null,null,0.0,null,null,null,null,27766.3,null,null,null,null,null,null,null,null,null,null,null,null,null,null,null,null,null,null,null,null,null,null,null,null,27766.3,null,null,27766.3,null,null,null,null,null,null,null,null,null,null,null,null,null,null,null,null,null,null,null,null,null,null,null,null,null,null,null,null,null,"Knoxfield - Scoresby",null,null,null,null,null,null,null,null,null,null,null,"211011254",null,null,null
null,null,null,null,null,null,null,null,null,null,4234688.0,null,3.3915508E7,1172.82,null,null,null,null,null,null,null,3411157.2,0.0,null,null,null,268668.38,7.0677312E7,null,null,null,null,23557.86,115562.46,null,null,2.324647E7,1024.82,null,9091014.0,6551.94,null,349127.38,3.2217068E7,null,3292.21,null,87207.66,210643.95,null,null,null,496919.72,null,null,9598014.0,null,null,null,null,null,1.5219658E7,null,3625093.5,null,1037463.0,null,null,null,null,null,null,549274.9,null,null,6989348.5,null,null,null,3527.77,23557.86,null,268668.38,null,null,"Cranbourne South",null,5.7454204E7,1.098497E7,110725.25,422408.75,null,null,null,null,8026811.5,null,"212031303",null,null,null
null,null,null,null,null,null,null,null,null,null,null,null,205120.52,17592.3,null,null,null,null,null,null,null,null,null,null,null,null,null,3998722.5,null,null,null,null,6673.03,null,null,null,3494660.5,null,null,null,null,null,null,140074.55,null,null,null,null,null,null,null,null,57090.82,null,null,291694.38,null,null,null,null,null,null,null,null,null,206736.02,null,null,null,null,null,null,null,null,null,3287924.5,null,null,null,null,6673.03,null,null,null,null,"Narre Warren North",null,3706454.0,null,47453.68,null,null,null,null,null,3494660.5,null,"212021299",null,null,null
null,null,null,null,null,null,null,null,null,null,null,null,null,null,null,null,null,null,null,null,null,4.81,0.0,null,null,null,null,382950.9,null,null,null,null,7554.46,null,null,null,154020.6,null,null,54.19,1185.63,null,null,null,null,799.94,null,null,null,null,null,null,124103.55,null,null,125343.38,null,null,null,null,null,null,null,804.75,null,134808.4,null,null,null,null,null,null,null,null,null,19212.19,null,null,null,null,7554.46,null,null,null,null,"Lysterfield",null,256802.78,null,null,null,null,null,null,null,154020.6,null,"211011255",null,null,null
null,null,null,null,null,null,null,null,null,null,null,null,null,null,null,null,null,null,null,null,null,null,null,null,null,null,null,144252.97,null,null,null,null,null,null,null,null,144252.97,null,null,null,null,null,null,null,null,null,null,null,null,null,null,null,null,null,null,null,null,null,null,null,null,null,null,null,null,67404.2,null,null,null,null,null,null,null,null,null,76848.76,null,null,null,null,null,null,null,null,null,"Wantirna",null,144252.97,null,null,null,null,null,null,null,144252.97,null,"211011259",null,null,null
6696.5,null,null,null,null,6696.5,null,null,null,null,null,null,210111.8,null,null,null,null,null,null,null,null,null,null,null,null,null,null,216808.3,null,null,null,null,null,null,null,null,null,null,null,null,null,null,null,210111.8,null,null,null,null,null,null,null,null,null,null,null,null,null,null,null,null,null,null,null,null,null,null,null,null,null,null,null,null,null,null,null,null,null,null,null,null,null,null,null,null,null,"Wantirna South",null,216808.3,null,null,null,null,null,null,null,null,null,"211011260",null,null,null
15453.46,null,null,null,null,15453.46,null,null,null,null,null,null,null,null,null,null,null,null,null,null,8120.81,null,0.0,null,null,null,null,2099143.0,null,null,null,null,null,null,35619.24,null,2039949.5,null,null,null,null,null,null,null,null,null,null,null,null,null,null,null,null,null,null,0.0,null,null,null,null,null,null,null,null,null,1350353.6,null,null,null,null,null,null,null,null,null,689595.9,null,null,null,null,null,null,43740.06,null,null,"Warrandyte - Wonga Park",null,2099143.0,null,null,null,null,null,null,null,2039949.5,null,"211021262",null,null,null
null,null,2245606.8,null,null,null,null,90476.04,null,null,null,14618.51,null,null,null,null,null,null,null,null,2588.36,22.73,null,null,null,null,null,2722601.5,null,null,null,null,43002.23,null,null,null,null,null,null,256.23,931.17,null,null,null,null,378.21,null,null,null,null,null,null,208473.98,null,null,209661.38,null,null,null,116247.31,null,null,null,400.95,null,null,null,null,null,null,null,null,null,null,null,null,null,null,null,null,43002.23,null,2469537.0,null,null,"Pakenham - North",null,2512539.2,null,null,null,null,null,null,null,null,null,"212011291",null,null,null
null,null,null,null,null,null,null,null,null,null,127584.76,209.98,null,null,null,null,5992.58,null,null,null,null,null,null,null,null,null,119887.84,1629507.5,null,null,null,null,1742.37,null,null,null,1302152.6,null,null,null,null,null,null,null,null,null,null,null,null,null,null,null,null,null,null,null,null,null,null,199522.02,null,127584.76,null,null,null,773640.06,null,null,null,null,null,null,null,null,null,400927.8,null,null,null,null,1742.37,null,325612.4,null,null,"Mount Evelyn",null,1629507.5,null,null,null,null,null,null,null,1174567.9,null,"211051283",null,null,null
null,null,null,null,null,null,null,null,null,null,null,null,65183.32,null,null,null,null,null,null,null,null,null,null,null,null,null,null,4685931.0,null,null,2286665.8,null,35023.28,null,null,null,2309251.8,null,null,null,null,null,null,17509.32,null,null,null,null,1452034.1,null,null,null,824438.56,null,null,824438.56,null,null,null,null,null,null,null,1452034.1,null,14385.52,null,null,null,null,null,null,null,null,null,8200.6,null,null,null,null,35023.28,null,null,null,null,"Pakenham - South",null,2409458.5,null,7908.95,null,null,39765.06,null,null,22586.12,null,"212011292",null,null,null
1099844.1,null,4898128.5,null,null,1099844.1,6838513.5,485411.38,null,null,546379.6,89927.87,518901.72,null,null,null,null,null,1.3604097E7,null,null,null,0.0,null,null,null,4143027.0,4.9055644E7,1833.9,null,null,null,427855.28,null,null,null,9501085.0,null,null,null,165837.45,null,null,92056.99,null,59357.35,null,null,1844190.9,null,null,6515.13,1777894.5,null,null,2758180.2,null,null,null,1814170.0,null,5779257.0,null,1903548.2,null,2326958.0,null,null,null,null,33637.99,12130.45,102648.47,null,null,1394870.2,null,null,null,null,394217.28,null,3.284623E7,954307.94,null,"Wandin - Seville",null,4.4393916E7,5232877.0,null,null,null,1274.27,null,null,3721828.5,321088.1,"211051285",null,null,null
690200.1,36870.78,1.0637669E7,null,null,690200.1,35934.11,169021.17,null,null,476159.16,95897.91,513448.12,null,null,null,122.24,null,3906742.0,null,42449.36,null,0.0,null,0.0,null,2086637.1,4.3377584E7,null,null,null,null,345689.88,null,74705.87,null,2.096141E7,null,null,null,224197.75,null,null,513448.12,35.87,84074.78,null,null,1040758.4,null,null,33226.09,1603557.8,null,null,1832577.6,null,null,42.83,6817.26,null,1256057.2,null,1124833.2,384.47,1.9368596E7,null,null,7673.22,null,1681.9,null,null,null,4822.16,336756.56,null,null,8095.23,null,299041.97,null,1.7909422E7,812063.56,null,"Yarra Valley",null,4.0420172E7,779898.1,null,null,null,null,0.0,null,1.9705354E7,null,"211051286",null,null,0.0
null,null,null,null,null,null,null,null,null,null,null,null,null,null,null,null,null,null,null,null,null,null,null,null,null,null,null,2394665.8,null,null,null,null,6236.68,null,null,null,2323339.2,null,null,null,null,null,null,null,null,null,null,null,null,null,null,null,65089.87,null,null,65089.87,null,null,null,null,null,2291392.0,null,null,null,31947.25,null,null,null,null,null,null,null,null,null,null,null,null,null,null,6236.68,null,null,null,null,"Beaconsfield - Officer",null,2329575.8,2291392.0,null,null,null,null,null,null,31947.25,null,"212011287",null,null,null
null,null,609403.8,null,null,null,null,34721.23,null,null,null,15836.09,9877212.0,null,null,null,null,null,null,null,null,6466723.0,0.0,null,141624.16,5778077.0,null,8.2786192E7,null,null,null,null,8410604.0,null,null,null,2876509.0,null,null,2.5042324E7,393358.1,null,null,3239274.0,null,162896.97,null,null,1.6796032E7,null,null,null,1.1918697E7,null,null,3.7394628E7,null,null,null,null,99016.97,null,null,2.3425652E7,null,575420.94,null,null,null,null,null,null,null,null,2671.09,2301088.0,859861.7,null,336788.16,37578.11,8073815.5,null,659961.1,null,null,"Bunyip - Garfield",null,2.196591E7,null,null,null,42053.53,null,null,null,2876509.0,null,"212011288",null,null,null
3916.47,null,null,null,null,3916.47,null,null,null,null,3152753.2,null,4177623.0,41011.12,null,null,7321.92,null,null,null,null,null,0.0,null,null,4077139.2,423889.28,1.761485E7,null,null,null,null,226300.48,null,null,null,6281912.0,null,null,1700318.1,3935.64,null,null,null,null,1333.23,null,null,837177.25,null,null,null,1485526.8,null,null,3189780.5,null,null,null,616307.7,null,3672410.2,null,838510.5,null,2314761.8,null,null,1422765.5,null,null,null,null,null,null,294739.84,null,null,null,null,226300.48,null,2896807.5,426523.1,null,"Emerald - Cockatoo",null,1.3586559E7,519657.12,null,null,null,null,null,null,2609501.5,null,"212011289",null,null,null
null,26792.15,null,null,null,null,null,null,null,null,null,null,4.3041712E7,228433.55,null,null,null,null,1750791.9,null,null,5005686.5,0.0,null,28759.34,3617.4,null,1.62036176E8,68848.99,null,2955295.8,null,2.5065506E7,null,null,null,3104007.2,6937.32,null,4.1630932E7,12508.7,null,26378.51,4.0043224E7,null,9103.99,null,1501321.9,2.5444042E7,null,null,null,1.6856162E7,null,null,5.8586564E7,null,359500.38,null,null,9338.79,148711.33,null,3.0458832E7,null,null,null,null,null,null,null,null,41443.91,null,70268.04,null,55824.35,null,94555.92,16693.71,2.4944158E7,null,1750791.9,null,null,"Koo Wee Rup",null,7.2990776E7,148711.33,null,null,16025.38,561205.75,null,null,null,144976.19,"212011290",null,null,3395.17
null,null,null,null,null,null,null,null,null,null,null,null,null,null,null,null,null,null,null,null,null,null,null,null,null,null,null,311763.28,null,null,null,null,31377.22,null,null,null,null,null,null,null,null,null,null,null,null,null,null,null,null,null,null,null,280386.06,null,null,280386.06,null,null,null,null,null,null,null,null,null,null,null,null,null,null,null,null,null,null,null,null,null,null,null,null,31377.22,null,null,null,null,"Berwick - North",null,31377.22,null,null,null,null,null,null,null,null,null,"212021293",null,null,null
null,null,null,null,null,null,null,null,null,null,null,null,null,null,null,null,null,null,null,null,null,null,null,null,null,null,null,1899059.1,null,null,null,null,null,null,null,null,1899059.1,null,null,null,null,null,null,null,null,null,null,null,null,null,null,null,null,null,null,null,null,null,null,null,null,null,null,null,null,258939.4,null,null,null,null,null,null,null,null,null,1640119.8,null,null,null,null,null,null,null,null,null,"Berwick - South",null,1899059.1,null,null,null,null,null,null,null,1899059.1,null,"212021294",null,null,null
null,null,null,null,null,null,null,null,null,null,null,null,9268852.0,null,null,null,null,null,null,null,null,null,null,null,null,null,null,9268852.0,null,null,null,null,null,918960.94,null,null,null,null,null,null,null,null,null,5398149.5,null,null,null,1500349.1,null,null,null,null,null,null,null,null,null,null,null,null,null,null,null,null,null,null,null,null,null,null,null,null,null,null,null,null,null,null,null,null,null,null,null,null,null,"Cranbourne North",null,9268852.0,null,1451393.1,null,null,null,null,null,null,null,"212031302",null,null,null
null,null,null,null,null,null,null,null,null,null,null,null,48148.12,null,null,null,null,null,null,null,null,null,null,null,null,null,null,1881261.6,null,null,null,null,null,39121.97,null,null,1833113.5,null,null,null,null,null,null,null,null,null,null,null,null,null,null,null,null,null,null,null,null,null,null,null,null,1833113.5,null,null,null,null,null,null,null,null,null,null,null,null,null,null,9026.15,null,null,null,null,null,null,null,null,"Narre Warren South",null,1881261.6,1833113.5,null,null,null,null,null,null,null,null,"212031307",null,null,null
null,null,null,null,null,null,null,null,null,null,1315165.9,null,2.7200266E7,null,null,null,null,null,null,null,null,1.1523906E7,0.0,null,null,null,null,5.97779E7,null,null,null,null,338082.22,4283363.0,null,null,1.310687E7,null,null,6391737.5,4919.21,null,null,2.2681118E7,null,3713.52,null,null,762798.7,null,null,null,445605.7,null,null,6842262.5,null,196030.95,null,null,null,1.0119495E7,null,1.2290418E7,null,1788602.6,null,null,null,null,null,null,null,null,null,1198772.8,39753.96,null,null,null,338082.22,null,null,null,null,"Pearcedale - Tooradin",null,4.064522E7,8804329.0,null,null,null,null,null,null,2987375.2,null,"212031308",null,null,null
null,null,null,null,null,null,null,null,null,null,null,null,null,null,null,null,null,null,null,null,null,null,null,null,null,null,null,803212.06,null,null,null,null,null,null,null,null,172626.28,null,null,null,394421.0,null,null,null,null,202651.62,null,null,null,null,null,null,33513.15,null,null,427934.12,null,null,null,null,null,null,null,202651.62,null,172626.28,null,null,null,null,null,null,null,null,null,null,null,null,null,null,null,null,null,null,null,"Oakleigh - Huntingdale",null,172626.28,null,null,null,null,null,null,null,172626.28,null,"212051326",null,null,null
null,null,null,null,null,null,null,null,null,null,183391.95,null,3970691.0,null,null,null,null,null,null,null,null,4923011.0,0.0,null,null,null,null,1.6748926E7,null,null,null,null,16143.94,114870.12,null,null,5566879.5,null,null,1913281.8,13.26,null,null,3855821.0,null,1073.41,null,null,null,null,null,null,357831.9,null,null,2271127.0,null,null,null,null,null,5566879.5,null,4924084.0,null,null,null,null,null,null,null,null,null,null,null,null,null,null,null,null,16143.94,null,null,null,null,"Dandenong",null,9553715.0,5383488.0,null,null,null,null,null,null,null,null,"212041311",null,null,null
null,null,null,null,null,null,null,null,null,null,510339.03,null,98052.17,null,null,null,null,null,null,null,null,null,0.0,null,null,null,null,3393959.0,null,null,null,null,3685.91,null,null,null,3106833.0,null,null,null,null,null,null,98052.17,null,null,null,null,null,null,null,null,37773.02,null,null,87778.32,null,null,null,null,null,510339.03,null,null,null,244553.89,null,null,null,null,null,null,null,null,null,2351940.0,null,null,null,null,3685.91,null,null,null,null,"Keysborough",null,3208571.0,null,null,null,null,null,null,null,2596493.8,null,"212041314",null,null,null
null,77669.69,null,119747.66,4757773.5,null,null,null,null,null,null,null,null,null,null,null,null,null,null,null,null,null,null,null,6535688.5,null,null,7364815.5,null,null,null,null,122691.64,null,null,null,null,null,null,null,379.02,null,null,null,null,30678.01,null,null,null,null,null,null,675378.2,null,null,675757.2,null,null,null,null,1110227.8,null,null,30678.01,null,null,null,null,null,null,null,null,null,null,null,null,null,null,45021.95,null,null,null,null,null,null,"Deer Park - Derrimut",null,6658380.0,null,null,null,535020.56,null,null,null,null,null,"213011330",12919.24,null,null
null,null,null,null,null,null,null,null,null,null,null,null,null,null,null,null,null,null,null,null,null,null,null,null,null,null,null,269616.8,null,null,null,null,null,null,null,null,269616.8,null,null,null,null,null,null,null,null,null,null,null,null,null,null,null,null,null,null,null,null,null,null,null,null,null,null,null,null,269616.8,null,null,null,null,null,null,null,null,null,null,null,null,null,null,null,null,null,null,null,"Noble Park",null,269616.8,null,null,null,null,null,null,null,269616.8,null,"212041315",null,null,null
null,null,null,null,null,null,null,null,null,null,null,null,null,null,null,null,null,null,null,null,null,null,0.0,null,74262.73,null,null,1933909.4,null,null,null,null,373822.47,null,null,null,null,null,null,null,205.25,null,null,null,null,16612.64,null,null,null,null,null,null,1468457.8,null,null,1469211.6,null,null,null,null,74262.73,null,null,16612.64,null,null,null,null,null,null,null,null,null,null,null,null,null,null,50024.39,548.52,323798.1,null,null,null,null,"Mount Waverley - South",null,448085.2,null,null,null,null,null,null,null,null,null,"212051324",null,null,null
null,null,null,null,null,null,null,null,null,null,null,null,null,null,null,null,null,null,null,null,null,null,0.0,null,76418.03,null,null,76418.03,null,null,null,null,null,null,null,null,null,null,null,null,null,null,null,null,null,null,null,null,null,null,null,null,null,null,null,0.0,null,null,null,null,76418.03,null,null,null,null,null,null,null,null,null,null,null,null,null,null,null,null,null,null,null,null,null,null,null,null,"Tarneit",null,76418.03,null,null,null,null,null,null,null,null,null,"213051365",null,null,null
null,null,null,null,null,null,null,null,null,null,null,null,null,null,null,null,null,null,null,null,null,null,null,null,null,null,null,26961.68,null,null,null,null,null,null,null,null,26961.68,null,null,null,null,null,null,null,null,null,null,null,null,null,null,null,null,null,null,null,null,null,null,null,null,null,null,null,null,26961.68,null,null,null,null,null,null,null,null,null,null,null,null,null,null,null,null,null,null,null,"Sunshine",null,26961.68,null,null,null,null,null,null,null,26961.68,null,"213011336",null,null,null
null,null,null,null,null,null,null,null,null,null,null,null,null,null,null,null,null,null,null,null,null,null,null,null,null,null,null,269816.88,null,null,null,null,503.05,null,null,null,null,null,null,null,153172.34,null,null,null,null,116141.49,null,null,null,null,null,null,null,null,null,153172.34,null,null,null,null,null,null,null,116141.49,null,null,null,null,null,null,null,null,null,null,null,null,null,null,null,null,503.05,null,null,null,null,"Sunshine West",null,503.05,null,null,null,null,null,null,null,null,null,"213011338",null,null,null
null,null,null,null,null,null,null,null,null,null,null,null,175093.17,null,null,null,null,null,null,null,null,null,null,null,null,null,null,175093.17,null,null,null,null,null,null,null,null,null,null,null,null,null,null,null,175093.17,null,null,null,null,null,null,null,null,null,null,null,null,null,null,null,null,null,null,null,null,null,null,null,null,null,null,null,null,null,null,null,null,null,null,null,null,null,null,null,null,null,"Taylors Lakes",null,175093.17,null,null,null,null,null,null,null,null,null,"213011340",null,null,null
null,null,4005381.2,null,null,null,82135.12,null,null,null,null,3447.42,1.1696423E7,null,null,null,null,null,null,null,1664.74,null,0.0,null,null,null,null,2.3674418E7,null,null,3940394.5,null,6000.05,1181948.5,4394.61,null,7681698.5,null,null,null,null,null,null,1.0176902E7,null,null,null,null,null,null,null,6189.38,187084.75,null,null,187084.75,null,null,null,null,null,null,null,null,null,null,null,null,null,null,null,null,null,null,null,3741304.0,337572.62,null,6000.05,null,null,null,4103212.5,null,null,"Bacchus Marsh",null,2.3487334E7,null,null,null,null,null,null,null,3741304.0,null,"213041353",null,null,null
128778.82,null,null,null,null,128778.82,null,null,null,null,null,null,null,null,null,null,null,null,null,null,null,null,0.0,null,18941.64,null,null,350967.16,null,null,null,null,null,null,null,null,null,null,null,null,123342.37,null,null,null,null,77435.89,null,null,null,null,null,null,null,null,null,125810.83,null,null,null,null,6249.63,null,null,77435.89,null,null,null,null,null,null,null,null,null,null,null,null,null,null,null,null,null,null,null,null,null,"Hillside",null,147720.45,null,null,null,null,null,null,null,null,null,"213041355",null,null,5647.52
30906.92,null,null,null,null,30906.92,null,null,null,null,null,null,null,null,null,null,null,null,null,null,null,null,0.0,null,null,null,null,158715.38,null,null,null,null,null,null,null,null,null,null,null,null,61477.14,null,null,null,null,33860.56,null,null,null,null,null,null,5831.84,null,null,67308.98,null,null,null,null,null,null,null,33860.56,null,null,null,null,null,null,null,null,null,null,null,null,null,null,null,null,null,null,null,null,null,"Melton",null,57545.83,null,null,null,null,null,null,null,null,null,"213041356",null,null,null
null,null,null,25767.66,null,null,null,null,null,null,null,null,null,null,null,null,null,null,null,null,null,null,null,null,null,null,null,5311876.0,null,null,null,null,null,null,null,null,null,null,null,4194118.0,497370.38,null,null,null,null,385362.72,null,null,null,null,null,null,null,null,null,4691488.5,null,null,null,null,null,null,null,385362.72,null,null,null,null,null,null,null,null,null,null,null,null,null,null,null,null,null,null,null,null,null,"Melton South",null,235025.1,null,null,null,null,null,null,null,null,null,"213041357",null,null,42989.5
null,null,null,null,null,null,null,null,null,null,null,null,null,null,null,null,null,null,null,null,null,470.11,0.0,null,null,null,null,null,null,null,null,null,null,null,null,null,null,null,null,1621.37,null,null,null,null,null,null,null,null,null,null,null,null,null,null,null,1621.37,null,null,null,null,null,null,null,470.11,null,null,null,null,null,null,null,null,null,null,null,null,null,null,null,null,null,null,null,null,null,"Melton West",null,null,null,null,null,null,null,null,null,null,null,"213041358",null,null,null
null,null,null,131274.77,null,null,null,null,null,null,null,null,null,null,null,null,null,null,null,null,null,72142.28,null,null,339487.9,null,null,4928877.0,null,null,null,null,null,null,null,null,661110.6,null,null,3660225.2,null,null,null,null,null,null,null,null,null,null,null,null,57791.33,null,null,3791741.5,null,null,null,null,182311.92,null,null,118933.2,null,661110.6,null,null,null,null,null,null,null,null,null,null,null,null,null,null,null,null,null,null,null,"Rockbank - Mount Cottrell",null,1018202.4,null,null,null,null,null,null,null,661110.6,null,"213041359",null,null,null
null,null,null,null,null,null,null,null,null,null,null,null,3773480.0,null,null,null,null,null,null,null,null,null,null,null,null,null,null,3773480.0,null,null,null,null,null,null,null,null,null,null,null,null,null,null,null,null,null,null,null,3773480.0,null,null,null,null,null,null,null,null,null,null,null,null,null,null,null,null,null,null,null,null,null,null,null,null,null,null,null,null,null,null,null,null,null,null,null,null,null,"Point Cook",null,3773480.0,null,null,null,null,null,null,null,null,null,"213051364",null,null,null
null,null,null,null,null,null,null,null,null,null,null,null,null,null,null,null,null,null,null,null,null,null,null,null,null,null,null,3975633.0,null,null,3975633.0,null,null,null,null,null,3975633.0,null,null,null,null,null,null,null,null,null,null,null,null,null,null,null,null,null,null,null,null,null,null,null,null,null,null,null,null,null,null,null,null,null,null,null,null,null,null,null,null,null,null,null,null,null,null,null,null,"Carrum Downs",null,3975633.0,null,null,null,null,null,null,null,null,null,"214011370",null,null,null
null,null,null,null,null,null,null,null,null,null,null,null,null,null,null,null,null,null,null,null,null,null,null,null,null,null,null,2800087.5,null,null,null,null,null,null,null,null,1482921.4,null,null,812857.8,9.83,null,null,null,null,795.76,null,null,null,null,null,null,11107.6,null,null,823975.25,null,null,null,null,null,null,null,null,null,1386698.8,null,null,null,null,null,null,null,null,null,96222.68,null,null,null,null,null,null,null,null,null,"Langwarrin",null,1482921.4,null,null,null,null,null,null,null,1482921.4,null,"214011374",null,null,null
null,null,null,null,null,null,null,null,null,null,null,null,790189.8,null,null,null,null,null,null,null,null,null,null,null,null,null,null,4645783.0,null,null,null,null,7371.81,null,null,null,3609193.0,null,null,null,8256.96,null,null,323255.06,null,5570.92,null,null,null,null,null,null,134952.73,null,null,224773.11,null,null,null,null,null,3437087.8,null,14255.14,null,null,null,null,null,null,null,null,466934.75,null,null,null,null,null,null,null,7371.81,null,null,null,null,"Skye - Sandhurst",null,4406754.5,3437087.8,null,null,null,null,null,null,null,null,"214011376",null,null,null
null,null,null,null,null,null,null,null,null,null,null,null,null,null,null,null,null,null,null,null,null,null,null,null,null,null,null,2502820.5,null,null,null,null,5197.23,null,null,null,null,null,null,2294080.0,114775.27,null,null,null,null,43041.37,null,null,null,null,null,null,45726.59,null,null,2454581.8,null,null,null,null,null,null,null,43041.37,null,null,null,null,null,null,null,null,null,null,null,null,null,null,null,null,5197.23,null,null,null,null,"Truganina",null,5197.23,null,null,null,null,null,null,null,null,null,"213051366",null,null,null
49020.37,null,null,null,null,49020.37,null,null,null,null,null,null,null,null,null,null,null,null,null,null,null,null,0.0,null,null,null,null,6019886.0,null,null,null,null,89338.96,null,null,null,2023449.5,null,null,3229709.2,4372.29,null,null,null,null,2373.33,null,null,null,null,null,null,508779.5,null,null,3742861.0,null,null,null,null,null,null,null,null,null,1497462.5,null,null,null,null,null,null,null,null,null,525987.0,null,null,53033.05,null,36305.91,null,null,null,null,"Dromana",null,2161808.8,null,null,null,null,null,null,null,2023449.5,null,"214021377",null,null,null
1247348.1,null,1835812.6,null,null,1247348.1,324429.6,18890.6,null,2226.87,534896.06,1064.83,2.0667044E7,2706.56,null,null,null,null,1.1595742E7,328056.34,258.84,null,0.0,null,83326.19,296316.4,null,7.7569008E7,15287.03,null,null,null,369962.84,6126113.5,136.66,null,771496.8,null,null,3.7574736E7,62108.83,null,2327.52,1.2945939E7,null,40261.39,173.54,503135.12,null,null,null,null,2524063.8,null,null,4.0160908E7,null,261154.06,null,729.39,83326.19,534896.06,null,40261.39,null,121327.56,null,null,null,null,null,null,null,null,null,115273.14,null,null,78888.98,null,291073.84,null,1.4228656E7,121307.76,null,"Flinders",null,3.7367836E7,null,null,513891.97,null,null,null,null,236600.7,null,"214021378",null,null,null
39148.76,null,null,null,null,39148.76,null,null,null,null,null,null,null,null,null,null,null,null,null,null,null,961.69,0.0,null,null,null,null,8036684.5,null,null,null,null,54381.28,null,null,null,3195238.5,null,null,4252678.0,13881.82,null,null,null,null,13332.34,null,null,null,null,null,null,467061.97,null,null,4733622.0,null,null,null,null,null,null,null,14294.03,null,2342183.0,null,null,null,null,3097.94,null,null,null,null,853055.5,null,null,null,null,48679.19,null,null,null,null,"Hastings - Somers",null,3288768.5,null,null,null,null,null,null,null,3195238.5,null,"214021379",null,null,null
null,null,null,null,null,null,null,null,null,null,null,null,null,null,null,null,null,null,null,null,null,null,0.0,null,null,null,null,3597310.5,null,null,null,null,null,null,null,null,null,null,null,1773213.5,null,null,null,null,null,null,null,null,null,null,null,null,null,null,null,1773213.5,null,null,null,null,null,null,null,null,null,null,null,null,null,null,null,null,null,null,null,null,null,null,null,null,null,null,null,null,null,"Mornington",null,null,null,null,null,null,null,null,null,null,null,"214021380",null,null,null
51901.49,null,null,null,null,51901.49,null,null,null,null,null,null,null,null,null,null,null,null,null,null,null,null,null,null,null,null,null,76082.92,null,null,null,null,null,null,null,null,null,null,null,null,null,null,null,null,null,null,null,null,null,null,null,null,24181.43,null,null,24181.43,null,null,null,null,null,null,null,null,null,null,null,null,null,null,null,null,null,null,null,null,null,null,null,null,null,null,null,null,null,"Mount Eliza",null,51901.49,null,null,null,null,null,null,null,null,null,"214021381",null,null,null
null,null,null,null,null,null,null,null,null,null,null,null,null,null,null,null,null,null,null,null,null,null,null,null,null,null,null,1347955.5,null,null,null,null,null,null,null,null,null,null,null,1347754.1,2.46,null,null,null,null,198.94,null,null,null,null,null,null,null,null,null,1347756.5,null,null,null,null,null,null,null,198.94,null,null,null,null,null,null,null,null,null,null,null,null,null,null,null,null,null,null,null,null,null,"Mount Martha",null,null,null,null,null,null,null,null,null,null,null,"214021382",null,null,null
null,null,null,null,null,null,null,null,null,null,null,null,null,null,null,null,null,null,null,null,null,null,null,null,null,null,null,2948304.5,null,null,null,null,null,null,null,null,235916.9,null,null,2699052.5,null,null,null,null,null,null,null,null,null,null,null,null,13335.12,null,null,2712387.8,null,null,null,null,null,null,null,null,null,188731.77,null,null,null,null,null,null,null,null,null,47185.14,null,null,null,null,null,null,null,null,null,"Point Nepean",null,235916.9,null,null,null,null,null,null,null,235916.9,null,"214021383",null,null,null
141630.38,null,2080073.8,null,null,141630.38,null,18260.91,null,null,null,null,2.862827E7,null,null,null,null,null,null,null,18571.5,1214.53,0.0,null,null,null,null,8.34644E7,null,null,null,null,88397.24,1.0004418E7,12025.77,null,6493539.5,null,null,4.4930564E7,20031.95,null,null,1.5679693E7,null,17328.1,null,2612607.8,null,null,null,null,946592.1,null,null,4.5965056E7,null,null,null,null,null,90596.74,null,18542.63,null,4263881.5,null,null,null,null,null,null,null,null,59606.8,2139061.5,null,null,1311.12,8264.55,87086.12,null,2128932.0,null,null,"Somerville",null,3.7480796E7,90596.74,null,331549.62,null,null,null,null,6402943.0,null,"214021385",null,null,null
